Name,Website,Organisation Type,Country,Countries of operation,Disability Innovation,Disability Innovation
Trampolene,https://trampolene.org/,Not for profit,Singapore,Singapore,Other,"Mobility, Hearing, Vision, Appearance, Cognition, Social and physical environments"
ACE Mobility,http://www.acemobility.co.ke/,For profit,Kenya,Kenya,"Mobility, Travel",Mobility & dexterity impairment
KeNAAM,https://kenaam.org/,"Community based, Research institution",Kenya,Kenya,Other,
Positive Exposure,https://www.positiveexposure-kenya.org/,Not for profit,Kenya,Kenya,Other,
Gigs for PWDs,https://pwdgigs.com/,For profit,Kenya,Kenya,Inclusive employment,"Mobility, Hearing, Vision, Cognition"
Veeza Viz,https://veezaviz.com/,For profit,Kenya,Kenya,"Computers, tablets and mobile devices, Sign language systems",Hearing
Disability Impact Fund,http://www.disabilityimpact.com/node/35,"Not for profit, Hub",Hong Kong,Hong Kong,Other,"Mobility, Hearing, Vision, Appearance, Cognition, Social and physical environments"
Global Centre of Possibility,https://www.gcop.co.nz/,"Not for profit, Hub",New Zealand,New Zealand,Other,"Mobility, Hearing, Vision, Appearance, Cognition, Social and physical environments"
Access to Success,https://accesstosuccess.ca/,"Not for profit, Hub",Canada,Canada,Other,"Mobility, Hearing, Vision, Appearance, Cognition, Social and physical environments"
Remarkable,https://remarkable.org.au/,"Not for profit, Hub",Australia,Australia,Other,"Mobility, Hearing, Vision, Appearance, Cognition, Social and physical environments"
Inclusive Innovation Network,https://inclusiveinnovationnetwork.org/,"Not for profit, Hub",Australia,"India, Canada, Africa, Australia, New Zealand",Other,"Mobility, Hearing, Vision, Appearance, Cognition, Social and physical environments"
Elegant IT,https://eleganttechbd.com/about/,For profit,Bangladesh,Bangladesh,"Education, Inclusive employment","Mobility, Hearing, Vision, Cognition"
CMED health,https://cmed.com.bd/,For profit,Bangladesh,Bangladesh,Other,"Mobility, Hearing, Vision, Cognition"
Bobble ai,https://www.bobble.ai/en/home,For profit,India,India,"Computers, tablets and mobile devices",Vision
Sispay,https://sispay.net/sispay/index.html#home,For profit,Morocco,Morocco,Finance,"Mobility, Hearing, Vision, Cognition"
Axiom Zorn,https://axiomzorn.com/,For profit,Uganda,Uganda,Other,"Mobility, Hearing, Vision, Appearance, Cognition, Social and physical environments"
Sign io,https://sign-io.com/,For profit,Kenya,Kenya,Hearing,Hearing
Nayla Prosthetics,https://www.naylatech.org/,Not for profit,Sudan,Sudan,Prosthetics & orthotics,Mobility
Daad.io,https://daad.io/,For profit,India,India,Education,Hearing
Solar Ear,http://solarear.com.br/,For profit,Brazil,"Brazil, United Kingdom, Cambodia",Hearing,Hearing
Punarjeeva,https://www.punarjeevatech.com/,For profit,India,India,"Cognition, Digital therapy","Mobility, Cognition, Mental health"
Indent Designs,https://www.indent.co.in/,For profit,India,India,Mobility,Mobility
Cure Bionics,https://dhaouafimed.wixsite.com/curetunisie,For profit,Tunisia,Tunisia,Prosthetics & orthotics,"Mobility, Appearance"
Local Rehabilitation Workshop (LOREWO),https://local-rehabilitation-workshop.business.site/?utm_source=gmb&utm_medium=referral,Not for profit,Zimbabwe,Zimbabwe,"Mobility, Inclusive employment",Social and physical environments
Enablecode,https://enablecode.vn/,For profit,Viet Nam,Viet Nam,Inclusive employment,"Mobility, Hearing, Vision, Appearance, Cognition, Social and physical environments"
Beeline,https://www.beelinereader.com/,For profit,USA,World,"Vision, Education",Vision
VocalEyes,https://www.facebook.com/VocalEyesAI/?pnref=lhc,For profit,USA,"India, Egypt, Palestinian Territories",Vision,Vision
BeSpecular,http://www.bespecular.com/en/,For profit,USA,"USA, South Africa",Vision,Vision
Wheel The World,https://gowheeltheworld.com/,For profit,USA,"Chile, USA",Travel,Mobility
Click medical,https://clickmedical.co/,For profit,USA,World,Prosthetics & orthotics,"Mobility, Appearance"
Participant Life,https://www.participant.life/,For-profit,USA,World,Mobility,Mobility
CLASP,https://www.clasphub.org/,Not for profit,USA,"Mexico, Colombia, Brazil, Ethiopia, Mozambique, Kenya, Uganda, Cambodia, India, Bolivia, Democratic Republic of Congo, Rwanda, Tanzania, South Africa, Philippines, Afghanistan, Fiji, Thailand, Indonesia, China, Jordan, Pakistan, Somalia, Zimbabwe, Togo, Madagascar, Dominican Republic, Morocco, Laos",Mobility,Mobility
BethanyKids,https://bethanykids.org/,Not for profit,USA,"United Kingdom, Ethiopia, Kenya, Uganda, Canada, Cameroon, Zambia, Sierra Leone, Madagascar",Mobility,Mobility
Talov,https://www.talovstudio.com/speakliz,For profit,USA,"Ecuador, USA","Hearing, Sign language systems",Hearing
Sound world solutions,https://www.soundworldsolutions.com/,For profit,USA,World,Hearing,Hearing
3dp4me,https://www.3dp4me.org/,Non profit,USA,Jordan,Hearing,Hearing
Key2Enable,https://key2enable.com/,For profit,USA,World,"Computers, tablets and mobile devices, Other, Communication, Education","Mobility, Computers, Tablets and mobile devices"
"McLain Association for Children, Georgia (MAC Georgia)",https://macchild.org/,For profit,USA,World,Education,"Mobility, Hearing, Vision, Appearance, Cognition, Social and physical environments"
Dyscalculia,https://www.dyscalculia.org/,Not for profit,USA,World,Education,Cognition
Avaz Inc,https://www.avazapp.com/,For profit,USA,India,Education,Cognition
Arise,https://www.arisecoalition.org/assistive-technology.html,For profit,USA,USA,Other,"Mobility, Hearing, Vision, Appearance, Cognition, Social and physical environments"
Field Ready,https://www.fieldready.org/,Not for profit,USA,"USA, Nepal, Syria, South Pacific","Other, Mobility",Mobility
Global Vision 2020. Inc.,https://gv2020.org/,Not for profit,USA,"Africa, Asia, South America, Caribbean, Middle East",Vision,Vision
Nonspec Inc.,https://www.nonspec.org/,For profit,USA,"Germany, USA, India, Rwanda",Prosthetics & orthotics,"Mobility, Appearance"
Miracle Feet,https://www.miraclefeet.org/,"For profit, Not for profit",USA,"World, Nigeria",Prosthetics & orthotics,"Mobility, Appearance"
LegWorks,https://legworks.com/,"For profit, Social enterprise",USA,World,Prosthetics & orthotics,"Mobility, Appearance"
MEDTRONIC,https://europe.medtronic.com/xd-en/index.html,Not for profit,Ireland,"Uganda, India, Ghana, Philippines, Bhutan, Timor Leste, Malawi",Hearing,Hearing
Ginger - Ginger Software,https://www.gingersoftware.com/,Software,USA,World,Education,Cognition
Kurzweil 3000,https://www.kurzweiledu.com/default.html,Company,USA,World,"Computers, tablets and mobile devices, Education","Vision, Cognition"
MathTalk,https://mathtalk.com/,Company,USA,World,"Communication, Education","Hearing, Cognition"
Vision Aid Overseas,https://www.visionaidoverseas.org/,Not for profit,United Kingdom,"Ethiopia, Ghana, Zambia, Sierra Leone",Vision,Vision
PEEK Vision,https://peekvision.org/,Not for profit,United Kingdom,Botswana,Screening & diagnostics services,Vision
The Leprosy Mission England & Wales (TLM),https://www.leprosymission.org/,"Not for profit, Research institution",United Kingdom,"Ethiopia, Mozambique, Bangladesh, Nepal, India, Sudan, Nigeria, Myanmar, Sri Lanka, Niger",Prosthetics & orthotics,Mobility
Legs4Africa,https://www.legs4africa.org/,Not for profit,United Kingdom,"USA, France, Canada, Africa, Australia",Prosthetics & orthotics,"Mobility, Appearance"
Koala Ltd.,https://www.yourkoalaa.com/,For profit,United Kingdom,"USA, Canada, Sri Lanka, Sierra Leone, Europe, Australia, Turkey",Prosthetics & orthotics,"Mobility, Appearance"
Exceed Social Enterprises Ltd (owned by Exceed Worldwide),https://www.exceed-worldwide.org/exceed-social-enterprise,Not for profit,United Kingdom,"Africa, SE Asia, South Asia, Pacific",Prosthetics & orthotics,"Mobility, Appearance"
Motivation,https://www.motivation.org.uk/blog/at-changed-my-life,"Not for profit, Social enterprise",United Kingdom,World,Mobility,Mobility
Freedom One Life,https://freedomonelife.com/,For profit,United Kingdom,"United Kingdom, Kenya",Mobility,Mobility
GSMA,https://www.gsma.com/mobilefordevelopment/assistive-tech/,Investor,United Kingdom,"Africa, Asia",Other,"Mobility, Hearing, Vision, Appearance, Cognition, Social and physical environments"
Forever Learn Ltd,https://www.forever-learn.org,For profit,United Kingdom,World,Other,"Mobility, Hearing, Vision, Appearance, Cognition, Social and physical environments"
Assistive Tech Impact Fund,https://atimpactfund.com/,Investor,United Kingdom,Africa,Other,"Mobility, Hearing, Vision, Appearance, Cognition, Social and physical environments"
Leonard Cheshire,https://www.leonardcheshire.org/,Not for profit,United Kingdom,"South Sudan, Kenya, Uganda, Bangladesh, Nepal, India, Tanzania, South Africa, Philippines, Thailand, Zambia, Sri Lanka, Zimbabwe, Sierra Leone","Other, Education","Mobility, Hearing, Vision, Appearance, Cognition, Social and physical environments"
Wazi Vision,https://wazivision.com/,For profit,Uganda,Uganda,Vision,Vision
Opensigns Impact Innovations (Uganda) Ltd,https://www.facebook.com/opensigns/,"For profit, Community based, Research institution, Social enterprise",Uganda,Uganda,Sign language systems,Hearing
Comprehensive Rehabilitation Services for People with Disability in Uganda (CoRSU),https://corsuhospital.org/,Community based,Uganda,Uganda,Other,"Mobility, Hearing, Vision, Appearance, Cognition, Social and physical environments"
Hope for Street Kids and Vulnerable People - HSKVP Foundation,https://web.facebook.com/Hskvpfoundation?_rdc=1&_rdr,"Not for profit, Social enterprise",Uganda,"Uganda, Democratic Republic of Congo, Nigeria",Other,"Mobility, Hearing, Vision, Appearance, Cognition, Social and physical environments"
HawKar,http://hawkar.tn/,For profit,Tunisia,Tunisia,Mobility,Mobility
OADCPH (Organisation Africaine pour le Développement des Centres pour Personnes Handicapées),https://oadcph.org/en/who-are-we/,Not for profit,Togo,Africa,"Mobility, Prosthetics & orthotics","Mobility, Appearance"
Kyaro Assistive Tech,https://www.kyaroassistive.org/,For profit,Tanzania,Tanzania,Mobility,Mobility
Employable Africa,https://www.employableafrica.org/,Not for profit,Tanzania,"Kenya, Uganda, Tanzania","Computers, tablets and mobile devices, Sign language systems, Inclusive employment","Hearing, Vision"
Karagwe Community Based Rehabilitation Programmes(KCBRP),https://kcbrp.org/,"Community based, Research institution",Tanzania,Tanzania,Education,"Mobility, Hearing, Vision, Appearance, Cognition, Social and physical environments"
Tusaidiane Disabilities Resources and Charity Organization of Tanzania (TDRCT),https://tusaidiane.page.tl/,"Community based, Research institution, Cross disability organization",Tanzania,Tanzania,Other,"Mobility, Hearing, Vision, Appearance, Cognition, Social and physical environments"
Comprehensive Community-Based Rehabilitation in Tanzania (CCBRT),http://www.ccbrt.or.tz/,Non profit,Tanzania,Tanzania,Other,"Mobility, Hearing, Vision, Appearance, Cognition, Social and physical environments"
SwissLimbs Association,https://www.swisslimbs.org/,Not for profit,Switzerland,"Mozambique, Kenya, Uganda, Tanzania",Prosthetics & orthotics,"Mobility, Appearance"
Project Circleg,https://projectcircleg.com/,"For profit, Not for profit",Switzerland,"Kenya, Uganda, Tanzania",Prosthetics & orthotics,"Mobility, Appearance"
Dot,http://www.dotincorp.com/,For profit,South Korea,South Korea,Vision,Vision
Olive Union,https://www.oliveunion.com/us/,For profit,South Korea,South Korea,Hearing,Hearing
Oplene Group,https://www.innovationbridge.info/ibportal/content/oplene-group,For profit,South Africa,South Africa,"Vision, Navigation",Vision
deaftouch,http://www.deaftouch.co.za/,For profit,South Africa,South Africa,"Hearing, Sign language systems",Hearing
Ludada and Associates Orthopaedic Services,http://ludadaandassociates.com/,For profit,South Africa,South Africa,"Mobility, Prosthetics & orthotics","Mobility, Appearance"
Wits Enterprise,https://wits-enterprise.co.za/about,"For profit, Community based, Academic institution",South Africa,South Africa,"Prosthetics & orthotics, Education","Mobility, Appearance"
OCRAM O And P and Ocram Mobility Foundation,https://www.facebook.com/OcramOP/posts,"For profit, Not for profit, Community based, Research institution",South Africa,South Africa,Prosthetics & orthotics,"Mobility, Appearance"
Shonaquip Social Enterprise (SSE),https://shonaquip.co.za/,"For profit, Not for profit, Community based, Social enterprise",South Africa,"Mozambique, Uganda, Botswana, South Africa, Namibia, Zimbabwe, Lesotho",Mobility,Mobility
Anathoth Solutions,nan,For profit,South Africa,South Africa,Mobility,Mobility
ShazaCin Accessible Media (SAM) PTY Ltd,https://shazacin.com/,For profit,South Africa,South Africa,Hearing,Vision
HearX,https://www.hearxgroup.com/,For profit,South Africa,South Africa,Hearing,Hearing
Walter Sisulu University,https://www.wsu.ac.za/,"Academic institution, Research institution",South Africa,South Africa,Education,"Mobility, Hearing, Vision, Appearance, Cognition, Social and physical environments"
Senso,http://www.senso.co.za/,For profit,South Africa,South Africa,"Hearing, Communication",Hearing
Diversity Action Network (DAN),https://www.dansomaliland.org/,Ngo,Somalia,Somalia,Other,"Mobility, Hearing, Vision, Appearance, Cognition, Social and physical environments"
Smart BFA by Trampolene,https://smartbfa.com/aboutUs,Not for profit,Singapore,Singapore,"Vision, Navigation",Vision
Navistar by MyrLabs,http://www.myrmidonlaboratories.com/,For profit,Singapore,Singapore,"Vision, Navigation",Vision
iC2 Prephouse,https://ic2.com.sg/,For profit,Singapore,Singapore,Tactile design,Vision
DeafTawk,https://www.deaftawk.com/,For profit,Singapore,"Singapore, Pakistan","Hearing, Sign language systems",Hearing
HeartWheels by Hapticus,https://www.hapticus.com/,For profit,Singapore,Singapore,"Mobility, Travel",Mobility
XCLR8 Technologies,http://www.xcl-r8.com/,For profit,Singapore,Singapore,"Mobility, Digital therapy",Mobility
SPARK by MOVINC (Mobearlize),https://www.movinc.sg/,For profit,Singapore,Singapore,Mobility,Mobility
Tech Able by SG Enable,https://www.sgenable.sg/,Not for profit,Singapore,Singapore,Inclusive employment,"Mobility, Hearing, Vision, Appearance, Cognition, Social and physical environments"
SPD,https://www.linkedin.com/company/spdsingapore/?lipi=urn%3Ali%3Apage%3Ad_flagship3_search_srp_companies%3BCQ1etXT%2BRhadCuPN4ePtIw%3D%3D,Ngo,Singapore,Singapore,Inclusive employment,"Mobility, Hearing, Vision, Appearance, Cognition, Social and physical environments"
Enabling Village,https://enablingvillage.sg/assistive-technologies-at-the-enabling-village/,For profit,Singapore,Singapore,Inclusive employment,"Mobility, Hearing, Vision, Appearance, Cognition, Social and physical environments"
Enabler,https://www.enablerinteractive.com/about,For profit,Singapore,Singapore,Inclusive employment,"Mobility, Hearing, Vision, Communication, Cognition"
Empauwer by Xopa AI Pte Ltd,https://x0pa.com/,For profit,Singapore,Singapore,Inclusive employment,Cognition
AHEAD by Trampolene,https://trampolene.org/,Not for profit,Singapore,Singapore,Inclusive employment,Social and physical environments
Knoctify,https://knoctify.com/,For profit,Singapore,Singapore,"Vision, Hearing, Communication","Hearing, Vision"
WSAudiology,http://www.wsa.com/,For profit,Singapore,Singapore,Hearing,Hearing
Project Quiet Storm by Wika Media,https://www.wika.world/,For profit,Singapore,"Philippines, Singapore",Hearing,Hearing
STEMS by Trampolene,https://stems.sg/privacy-policy/,Not for profit,Singapore,Singapore,Education,Cognition
iGain by Trampolene,https://trampolene.org/,Not for profit,Singapore,Singapore,Education,Cognition
Digital Dream,https://digitaldream.com.sg/,For profit,Singapore,Singapore,Education,Cognition
SG Enable,https://www.enablingguide.sg/,Ngo,Singapore,Singapore,Other,"Mobility, Hearing, Vision, Appearance, Cognition, Social and physical environments"
Assistive Technologies Asia,https://www.assistivetechnologiesasia.com/,For profit,Singapore,"Philippines, Singapore","Computers, tablets and mobile devices, Communication","Mobility, Hearing, Vision, Cognition"
(these)abilities,http://www.theseabilities.com/about-us/,For profit,Singapore,Singapore,"Computers, tablets and mobile devices, Communication","Mobility, Hearing, Vision, Appearance, Cognition, Social and physical environments"
BrailleEasy,https://apps.apple.com/us/app/brailleeasy/id1124391970,For profit,Qatar,Qatar,"Computers, tablets and mobile devices, Tactile design, Communication",Vision
Virtualahan,https://virtualahan.com/,For profit,Philippines,Philippines,Inclusive employment,"Mobility, Hearing, Vision, Appearance, Cognition, Social and physical environments"
Swift Braille,https://en.swiftbraille.com/,For profit,Palestinian Territories,World,Vision,Vision
Wonder Tree,https://wondertree.co/,For profit,Pakistan,"USA, Pakistan",Education,Cognition
Paraplegic Centre Peshawar (PCP),http://www.paraplegiccenter.org/,Government initiative,Pakistan,Pakistan,"Other, Mobility, Prosthetics & orthotics","Mobility, Appearance"
Vinsighte,https://vinsighte.com.ng/,For profit,Nigeria,Nigeria,"Vision, Screening & diagnostics services",Vision
Greymate Care,https://greymatecare.com/,For profit,Nigeria,Nigeria,Other,"Mobility, Hearing, Vision, Appearance, Cognition, Social and physical environments"
Enablement,https://enablement.eu/,Not for profit,Netherlands,"Cambodia, Philippines, Myanmar, Indonesia, Sri Lanka",Prosthetics & orthotics,"Mobility, Appearance"
Yelenkoura,https://www.yelenkoura.ml/,"For profit, Community based",Mali,Mali,"Vision, Navigation",Vision
Vision Vijana (by Vijana Reloaded),https://vijanareloaded.co.ke/portfolio/vision-vijana/,"Not for profit, Ngo",Kenya,Kenya,"Vision, Screening & diagnostics services",Vision
Hope Tech Plus,https://hopetechplus.com/,For profit,Kenya,Kenya,"Vision, Navigation",Vision
LaPaire Glasses,https://www.lapaireglasses.com/,For profit,Kenya,Kenya,Vision,Vision
Batian Eyeglasses,https://batianeyewear.com/,For profit,Kenya,Kenya,Vision,Vision
Turnup.Travel Global,https://turnup.travel/,For profit,Kenya,Kenya,Travel,Mobility
Signs Media,https://signsmediake.com/,"Community based, Social enterprise",Kenya,Kenya,"Hearing, Sign language systems",Hearing
Deaf eLimu Plus,https://www.deafelimuplus.co.ke/,For profit,Kenya,Kenya,"Hearing, Sign language systems",Hearing
AssistAll,http://assistallapp.com/,For profit,Kenya,Kenya,"Hearing, Sign language systems",Hearing
Lugha Ishara Company Limited,https://lughaishara.org/,"For profit, Community based",Kenya,Kenya,"Education, Sign language systems","Hearing, Vision"
Sekani,https://sekani.tech/,For profit,Kenya,"Kenya, Zambia",Sign language systems,Hearing
Syna consultancy,https://syna.co.ke/,Not for profit,Kenya,Kenya,"Self care, Built environment",Mobility
Association for the physically disabled of Kenya Busia branch,https://www.apdk.org/contact-us/,Community based,Kenya,Kenya,"Mobility, Prosthetics & orthotics","Mobility, Appearance"
Gateway Prosthetics and Orthotics Ltd,http://www.gatewayprosthetics.com/,For profit,Kenya,Kenya,Prosthetics & orthotics,"Mobility, Appearance"
Walkabout Kenya,https://www.walkaboutfoundation.org/our-work/kenya/,Foundation,Kenya,Kenya,Mobility,Mobility
Totosci,https://hapakenya.com/2021/08/17/totosci-a-kenyan-technology-company-producing-chargers-usb-cables/,For profit,Kenya,Kenya,Mobility,Mobility
Safariseat,http://www.safariseat.org/,For profit,Kenya,Kenya,Mobility,Mobility
Linccell Technology,http://www.linccelltechnology.com/,For profit,Kenya,Kenya,Mobility,Mobility
Riziki source,https://rizikisource.org/,Not for profit,Kenya,Kenya,Inclusive employment,"Mobility, Hearing, Vision, Appearance, Cognition, Social and physical environments"
On the Table Africa,https://www.onthetable.africa/,For profit,Kenya,Kenya,Inclusive employment,"Mobility, Hearing, Vision, Appearance, Cognition, Social and physical environments"
Kenya Business and Disability Network,https://businessanddisability.or.ke/,Not for profit,Kenya,Kenya,Inclusive employment,"Mobility, Hearing, Vision, Appearance, Cognition, Social and physical environments"
Errands Guy,https://www.facebook.com/errandsguy/,For profit,Kenya,Kenya,Inclusive employment,"Mobility, Hearing, Vision, Appearance, Cognition, Social and physical environments"
Hear(oes) on Demand,nan,For profit,Kenya,Kenya,Hearing,Hearing
Hali Halisi,https://www.halisi.io/,"For profit, Not for profit",Kenya,Kenya,Hearing,Hearing
Village2Nation,https://www.village2nation.com/,For profit,Kenya,Kenya,"Education, Sign language systems","Hearing, Vision"
Kijiji,https://www.kijenzi.com/,For profit,Kenya,"Ethiopia, Kenya, Uganda, Tanzania",Other,"Mobility, Hearing, Vision, Appearance, Cognition, Social and physical environments"
Innovate Now,https://atinnovatenow.com/,Accelerator,Kenya,Kenya,Other,"Mobility, Hearing, Vision, Appearance, Cognition, Social and physical environments"
Catalyst Fund,http://www.bfaglobal.com/catalyst-fund,Investor,United Kingdom,"United Kingdom, Kenya",Other,"Mobility, Hearing, Vision, Appearance, Cognition, Social and physical environments"
Mindrockets,https://mindrocketsinc.com/,Company,Jordan,Jordan,Sign language systems,Hearing
Dream GP Inc.,https://www.dreamgp.jp/,For profit,Japan,Japan,Prosthetics & orthotics,"Mobility, Appearance"
Italian Association Amici di Raoul Follereau - AIFO,http://www.aifoeng.it/,Not for profit,Italy,"Brazil, Mozambique, India, Guinea-Bissau, Mongolia, Liberia, Tunisia, China",Mobility,"Mobility, Hearing, Vision, Appearance, Cognition, Social and physical environments"
EyeControl,https://www.eyecontrol.co.il/,For profit,Israel,Israel,Vision,Vision
Right Hear,https://www.right-hear.com/,For profit,Israel,"France, Israel",Navigation,Vision
Alango - BeHear,http://www.alango.com/behear-now.php,For profit,Israel,"United Kingdom, USA, South Africa",Hearing,Hearing
Ghotit,https://www.ghotit.com/,For profit,Israel,World,"Computers, tablets and mobile devices, Education",Cognition
TuneMap,https://tunemap.org/,For profit,Indonesia,Indonesia,"Vision, Navigation",Vision
Prakerja,https://www.prakerja.go.id/,For profit,Indonesia,Indonesia,Inclusive employment,"Mobility, Hearing, Vision, Appearance, Cognition, Social and physical environments"
Kerjabilitas,http://www.kerjabilitas.com/,For profit,Indonesia,Indonesia,Inclusive employment,"Mobility, Hearing, Vision, Appearance, Cognition, Social and physical environments"
Difalink,https://difalink.com/,For profit,Indonesia,Indonesia,Inclusive employment,"Mobility, Hearing, Vision, Appearance, Cognition, Social and physical environments"
EYE-D,https://eye-d.in/,For profit,India,"Bangladesh, Nepal, India","Vision, Navigation",Vision
Innovision,https://innovisiontech.co/,For profit,India,World,"Vision, Education",Vision
XL Cinema,https://play.google.com/store/apps/details?id=com.xlcinema.android&hl=en_IN,For profit,India,India,Vision,Vision
Illuminify Tech,https://www.instagram.com/illuminifytech/?hl=en,For profit,India,India,Vision,Vision
Forus Health,https://www.forushealth.com/,For profit,India,"Mexico, USA, Ethiopia, India, Philippines, Guatemala, Myanmar",Vision,Vision
BrailleMe (By Inceptor Technologies),https://innovisiontech.co/brailleme/,For profit,India,India,Vision,Vision
Raised Lines Foundation,https://raisedlines.org/,Not for profit,India,India,Tactile design,"Vision, Education"
SignABLE Communications,https://signable.world/,For profit,India,India,"Hearing, Sign language systems",Hearing
DeepVisionTech,https://www.deepvisiontech.ai/,For profit,India,"USA, India","Hearing, Sign language systems",Hearing
BleeTech Innovations,https://bleetech.in/,For profit,India,India,"Hearing, Sign language systems",Hearing
CogniAble,https://cogniable.tech/,For profit,India,India,Screening & diagnostics services,Cognition
Robo Bionics,https://www.robobionics.in/,For profit,India,India,"Mobility, Prosthetics & orthotics","Mobility, Appearance"
Inali Foundation,https://inalifoundation.com/,Not for profit,India,India,"Mobility, Prosthetics & orthotics","Mobility, Appearance"
Symbionic,http://thesymbionic.com/,For profit,India,India,Prosthetics & orthotics,"Mobility, Appearance"
Grasp Bionics Pvt. Ltd.,https://www.graspbionics.com/,For profit,India,India,Prosthetics & orthotics,"Mobility, Appearance"
Bionic Yantra,https://www.bionicyantra.com/,For profit,India,India,Prosthetics & orthotics,"Mobility, Appearance"
Aumeesh Tech,https://www.aumeesh.com/,For profit,India,India,Prosthetics & orthotics,"Mobility, Appearance"
Kickstart Cabs by Wheels of Change,http://www.kickstartcabs.com/,For profit,India,India,"Mobility, Travel",Mobility
TorchIt,"https://mytorchit.com/#:~:text=Torchit%20is%20a%20 Government%20 of,Artificial%20Intelligence%20 and%20Machine%20Learning.","For profit, Government initiative",India,India,"Mobility, Communication","Mobility, Hearing, Vision, Communication"
True Assistive Technology - TurnPlus,https://trueassistech.com/,For profit,India,India,"Mobility, Built environment",Mobility
RampMyCity,https://www.linkedin.com/company/rampmycity/,For profit,India,India,"Mobility, Built environment",Mobility
NeoMotion Assistive Solutions Pvt Ltd,https://www.neomotion.in/,For profit,India,India,Mobility,Mobility
myUDAAN,http://myudaan.org/,For profit,India,India,Mobility,Mobility
Flexmotiv Technologies,https://www.goflexmo.com/about-us/,For profit,India,"India, South Korea",Mobility,Mobility
Beable Health,https://www.beablehealth.com/,For profit,India,India,Mobility,Mobility
"R2D2, Arise by IIT Madras",https://r2d2.iitm.ac.in/resources/arise-standing-wheelchair,For profit,India,India,Mobility,Mobility
Arcatron,http://arcatron.com/,For profit,India,India,Mobility,Mobility
Mind Assets,https://mindassets.in/,For profit,India,India,"Education, Inclusive employment","Mobility, Hearing, Vision, Appearance, Cognition, Social and physical environments"
Enable India,http://www.enableindia.org/,Not for profit,India,India,Inclusive employment,Social and physical environments
Kidaura,https://www.kidaura.in/,For profit,India,India,"Education, Digital therapy",Cognition
Vaani Foundation,https://vaani.in/,Not for profit,India,India,"Communication, Education",Hearing
Titration ColorCam,https://play.google.com/store/apps/details?id=com.color.Titration_ColorCam&hl=en&gl=US,For profit,India,India,Education,Vision
Thinkerbell Labs - Annie™,https://www.thinkerbelllabs.com/,Company,India,World,"Vision, Education",Vision
The Association of People with Disability (APD),https://www.apd-india.org/,Ngo,India,India,Other,"Mobility, Hearing, Vision, Appearance, Cognition, Social and physical environments"
I-STEM,https://www.istem.gov.in/,Government initiative,India,India,Other,"Mobility, Hearing, Vision, Appearance, Cognition, Social and physical environments"
Armilo,https://armilo.in/,For profit,India,India,Other,"Mobility, Hearing, Vision, Appearance, Cognition, Social and physical environments"
Tactopus,https://www.tactopus.com/,For profit,India,India,"Education, Digital therapy","Cognition, Mental health"
Trestle Labs,https://trestlelabs.com/,For profit,India,"India, Tanzania, Singapore","Computers, tablets and mobile devices, Tactile design, Education",Vision
Kuluk by Sightica Solutions Pvt Ltd,https://sightica.com/,For profit,India,India,"Computers, tablets and mobile devices, Communication",Communication
BarrierBreak,http://www.barrierbreak.com/,For profit,India,India,"Computers, tablets and mobile devices, Communication","Mobility, Hearing, Vision, Appearance, Cognition, Social and physical environments"
See Sound Live,https://seesoundlive.com/,For profit,India,India,"Communication, Sign language systems",Hearing
Stamurai,https://stamurai.com/,For profit,India,India,"Communication, Digital therapy",Communication
Wanted Umbrella,http://www.wantedumbrella.com/,For profit,India,India,Communication,"Mobility, Hearing, Vision, Appearance, Cognition, Social and physical environments"
Inclov,https://www.inclov.com/,For profit,India,India,Communication,"Mobility, Hearing, Vision, Appearance, Cognition, Social and physical environments"
Good Vibes,https://www.samsung.com/in/microsite/good-vibes/,For profit,India,India,Communication,"Hearing, Vision"
Aum Voice Prosthesis’ (by Innaumation Medical Devices Pvt Ltd),https://innaumation.com/,For profit,India,India,Communication,"Communication, Appearance"
AssisTech Foundation,http://www.atflabs.org/,Hub,India,India,Other,"Mobility, Hearing, Vision, Appearance, Cognition, Social and physical environments"
Tech Era,https://techera-gh.org/,Ngo/not for profit,Ghana,Ghana,"Vision, Education",Vision
Amparo,https://www.amparo.world/,For profit,Germany,"Austria, Belgium, United Kingdom, Mozambique, Uganda, Tanzania, Italy, Portugal, France, Egypt, South Africa, Netherlands, Norway, Sweden, Finland, Denmark, Luxembourg, Spain, Hungary, Poland, Russia, Japan, Thailand",Prosthetics & orthotics,"Mobility, Appearance"
Frank Hilton Organization (FHO),https://www.frankhilton.org.fj/,Not for profit,Fiji,Fiji,Other,"Mobility, Hearing, Vision, Appearance, Cognition, Social and physical environments"
Cheshire Ethiopia,https://cheshirethiopia.org/,Government initiative,Ethiopia,Ethiopia,Other,"Mobility, Hearing, Vision, Appearance, Cognition, Social and physical environments"
Kadiwaku Foundation,https://www.facebook.com/KadiwakuF/,Not for profit,Democratic Republic of Congo,Democratic Republic of Congo,Mobility,Mobility
"DOT Glasses, s.r.o.",https://www.dotglasses.org/,For profit,Czech Republic,"Ethiopia, Kenya, Bangladesh, Nepal, India, Ghana, Afghanistan",Vision,Vision
Omoguru,https://www.omoguru.com/,For profit,Croatia,World,Education,Cognition
Cine Para Todos,http://www.cineparatodos.gov.co/,Government initiative,Colombia,Colombia,"Vision, Sign language systems","Hearing, Vision"
Lazarillo,https://lazarillo.app/,For profit,Chile,Chile,"Vision, Navigation",Vision
Take A Hand,https://takeahand.co/,For profit,Chile,Chile,Prosthetics & orthotics,"Mobility, Appearance"
Dalil,http://dalil.daliltechnology.com/,For profit,Canada,Algeria,"Vision, Navigation",Vision
ACCESS,https://accesshearingaids.com/,For profit,Canada,Philippines,Hearing,Hearing
Nia Technologies,https://niatech.org/,Not for profit,Canada,Uganda,Prosthetics & orthotics,"Mobility, Appearance"
Partnerships for Inclusive Research and Learning (PIRL) Project,"https://oticlab.utoronto.ca/research-projects/pirl/#:~:text=PIRL%20is%20short%20for%20 Partnerships,3%20 year%2C%20SSHRC%20funded%20project.&text=The%20PIRL%20Network%20is%20a,various%20countries%20across%20the%20world.","For profit, Not for profit, Community based, Academic institution, Research institution",Canada,"United Kingdom, USA, Ethiopia, South Sudan, Kenya, Rwanda, Tanzania, South Africa, Cameroon, Nigeria, Ghana, Netherlands",Education,"Mobility, Hearing, Vision, Appearance, Cognition, Social and physical environments"
VRapeutic,https://myvrapeutic.com/,For profit,Egypt,"USA, Egypt",Digital therapy,"Mobility, Cognition, Mental health"
Prosfit,https://prosfit.com/,For profit,Bulgaria,"Rwanda, Bulgaria",Prosthetics & orthotics,"Mobility, Appearance"
Sunu,https://www.sunu.com/,For profit,Brazil,World,"Vision, Navigation",Vision
Lysa,https://www.caoguiarobo.com.br/,For profit,Brazil,Brazil,"Vision, Navigation",Vision
Livox,https://livox.com.br/en/,For profit,Brazil,"Peru, Brazil, Belgium, United Kingdom, USA, Italy, Portugal, France, Egypt, Sudan, Djibouti, Angola, South Africa, Saudi Arabia, United Arab Emirates, Yemen","Vision, Hearing, Communication","Mobility, Hearing, Vision, Communication"
Veever,https://veever.global/,For profit,Brazil,Brazil,Vision,Vision
Signa,https://www.signaedu.com/,For profit,Brazil,Brazil,"Hearing, Sign language systems",Hearing
Deaftronics (Pty) Ltd,https://deaftronics.com/,For profit,Botswana,Botswana,Hearing,Hearing
Light for the World,https://www.light-for-the-world.org/,Not for profit,Austria,"Germany, Switzerland, Czech Republic, Belgium, United Kingdom, USA, Ethiopia, Burkina Faso, Mozambique, South Sudan, Kenya, Uganda, Bangladesh, Nepal, Cambodia, India, Papua New Guinea, Bolivia, Democratic Republic of Congo, Rwanda, Tanzania",Mobility,Mobility
uSound,https://www.usound.co/es/,For profit,Argentina,Argentina,Screening & diagnostics services,Hearing
GiveMove,http://www.givemove.com/,For profit,Argentina,Argentina,Mobility,Mobility
Incluyeme.com,https://www.incluyeme.com/,For profit,Argentina,"Argentina, Mexico, Colombia, Ecuador, Peru, Chile, Brazil, Paraguay, Uruguay",Inclusive employment,"Mobility, Hearing, Vision, Appearance, Cognition, Social and physical environments"
